miley cyrus cuba,
an american in paris australia,
pbhq australia,
hanton studios uk,
streaming now uk,
la butaca magazine,
an american in paris uk,
ace entertainment films uk,
philip child uk vhs,
javier de la vega,
el cine en la sombra,
classical arts ireland,
chili uk,
cinema australia,
israel film center,
cine honduras,
la pollera ediciones,
la pochoclera,
showcase cinemas uk,
cinemark peru,
coolart o alternativă la cultură,
jordan rios: even more videos [trailers & variety],
warner bros. lebanon,
ale saras - la entrada al cine,
la hora del espanto,
marvel switzerland,
uip singapore,
skateboard romania,
patagonia latinoamérica,
claro video uruguay,
news corp australia,
joshua's origami australia,
alfa films argentina,
cinecolor colombia,
warner bros. singapore,
cineplex colombia,
disney pictures india,
hoyts australia,
opera australia,
la cabra films,
vca gundam thailand กันดั้ม กันพลา,
claro video chile,
sony pictures home entertainment canada,
the wolverine uk,
cinépolis argentina,
disney plus singapore,
china lion,
pathe uk,
universal pictures sweden,
dubzone: latinoamérica,
marvel australia & new zealand,
paramount entertainment australia,
latino svet,
studiocanal australia,
stan australia,
hbo uk,
20th century studios malaysia,
warner bros. philippines,
searchlight pictures uk,
20th century studios canada,
viu malaysia,
sony pictures indonesia,
icon film australia & new zealand,
joyas de la animación,
20th century studios belgium,
mvp entertainment india,
warner bros. uk horror,
warner bros. canada,
fox tv uk,
axn españa,
star wars españa,
star wars uk,
eone films canada,
warner bros. indonesia,
20th century studios philippines,
universal pictures ireland,
movie fantasy india,
walt disney studios singapore,
nova greece,
warner bros belgium,
sony pictures malaysia,
sony pictures portugal,
eone uk,
sony pictures at home uk,
diamond films españa,
disney ireland,
paramount entertainment uk,
walt disney studios malaysia,
universal music austria,
spain books,
warner play latino,
tráilers con doblaje español latino by soldier boy,
warner bros. games uk & ireland,
walt disney studios canada,
studiocanal france,
paramount+ latinoamérica,
sony pictures canada,
apple australia,
star wars latinoamérica,
20th century studios indonesia,
sony pictures releasing australia,
universal pictures australia,
playstation australia,
walt disney studios indonesia,
sony pictures argentina,
sony pictures colombia,
warner bros. thailand,
toys"r"us singapore,
uip thailand,
20th century studios singapore,
marvel italy,
universal latino,
paramount pictures india,
india reacts,
viu philippines,
uip argentina,
universal pictures canada,
20th century studios españa,
universal pictures germany,
sony pictures releasing uk,
universal pictures india,
walt disney studios philippines,
viu singapore,
discovery canada,
marvel españa,
hbo max latinoamérica,
garfield show español latino - canal oficial,
universal pictures international italy,
netflix indonesia,
universal pictures france,
20th century studios uk,
warner bros. france,
paramount pictures australia,
disney australia & new zealand,
marvel uk,
star+ latinoamérica,
amazon prime video uk,
dreamworks madagascar,
disney+ latinoamérica,
hbo latinoamérica,
warner bros. pictures españa,
paramount pictures uk,
universal spain,
warner bros. india,
paramount pictures spain,
20th century studios la,
espn uk,
universal pictures uk,
sony pictures india,
20th century studios india,
warner bros. uk & ireland,
viu thailand,
national geographic latinoamérica,
marvel latinoamérica oficial,
warner bros. pictures latinoamérica,
netflix españa,
playstation españa,
netflix philippines,
comedy central uk,
mtv uk,
v español - peliculas completas en español latino,
sony pictures españa,
disney españa,
citizen tv kenya,
disney studios la,
disney india,
te la cuento,
disney uk,
cartoon network la,
netflix latinoamérica,
prime video india,
think music india,
netflix india,
disney latinoamérica,
