"hand_excluded_channels",
"rotten tomatoes classic trailers",
"rotten tomatoes trailers",
"universal pictures uk",
"universal pictures canada",
"rotten tomatoes coming soon",
"warner bros. pictures latinoamérica",
"walt disney studios philippines",
"paramount pictures india",
"warner bros. uk & ireland",
"paramount pictures méxico",
"kinocheck.com",
"moviemaniacsde",
"filmisnow movies & trailers",
"rotten tomatoes indie",
"eone films canada",
"eone uk",
"trailers y estrenos",
"tutuqa trailers",
"universal pictures ireland",
"trailers in spanish",
"movieclips",
"video detective",
"trailersplaygroundhd", 
"ac/dc",
"disney nl",
