"programmatically_excluded_channels",
'miley cyrus cuba',
'an american in paris australia',
'pbhq australia',
'dreamworks animation australia',
'utopolisbelgium',
'madagascar 4',
'20th century studios ireland',
'crossroadaustralia',
'classical arts ireland',
'cinema australia',
'danny malino',
'israel film center',
'soulmediadenmark',
'studiocanal new zealand',
'cinemark peru',
'jordan rios: even more videos [trailers & variety]',
'universal pictures trinidad and tobago',
'sony pictures new zealand official',
'uip singapore',
'blockbusteraustralia',
'skateboard romania',
'paramountgermany',
"joshua's origami australia",
'news corp australia',
'katarina93 ðŸ’œ eurovision reaction austrian queen',
'cinecolor colombia',
'dcargentina',
'warner bros. singapore',
'cineplex colombia',
'eurogamergermany',
'disney pictures india',
'hoyts australia',
'opera australia',
'claro video chile',
'sony pictures home entertainment canada',
'warner bros. malaysia',
'disney plus singapore',
'china lion',
'universal pictures sweden',
'warner bros. australia',
'marvel australia & new zealand',
'marvel australia & new zealand',
'paramount entertainment australia',
'studiocanal australia',
'stan australia',
'starfilmsperu',
'warner bros. philippines',
'scubas estrenos',
'20th century studios canada',
'viu malaysia',
'icon film australia & new zealand',
'icon film australia & new zealand',
'sony pictures indonesia',
'20th century studios belgium',
'mvp entertainment india',
'warner bros. canada',
'paramount pictures new zealand',
'eone films canada',
'20th century studios philippines',
'warner bros. indonesia',
'universal pictures ireland',
'walt disney studios singapore',
'nova greece',
'eurogamerportugal',
'warner bros belgium',
'sony pictures portugal',
'disney ireland',
'walt disney studios malaysia',
'universal music austria',
'spain books',
'studiocanal germany',
'warner bros. games uk & ireland',
'walt disney studios canada',
'studiocanal france',
'sony pictures canada',
'laura malina seiler',
'20th century studios indonesia',
'reporting from ukraine',
'sony pictures releasing australia',
'universal pictures australia',
'playstation australia',
'walt disney studios indonesia',
'sony pictures argentina',
'sony pictures entertainment india',
'sony pictures colombia',
'warner bros. thailand',
'wolfoo canada',
'20th century studios singapore',
'paramount pictures india',
'viu philippines',
'uip argentina',
'universal pictures canada',
'universal pictures germany',
'universal pictures india',
'walt disney studios philippines',
'viu singapore',
'discovery canada',
'disney new zealand',
'universal pictures international italy',
'walt disney studios india',
'netflix indonesia',
'universal pictures france',
'warner bros. france',
'paramount pictures australia',
'disney australia & new zealand',
'disney australia & new zealand',
'dreamworks madagascar',
'universal spain',
'warner bros. india',
'paramount pictures spain',
'sony pictures india',
'et canada',
'20th century studios india',
'garena free fire bangladesh',
'warner bros. uk & ireland',
'netflix philippines',
'indiamarvel',
'movie flix india',
'tej india',
'citizen tv kenya',
'60 minutes australia',
'prime video india',
'think music india',
'netflix india'
