marvel indonesia,
la botella de kandor,
20th century studios home entertainment españa,
x-men movies uk,
dale con todo a la pela,
united international pictures - norway,
paramount pictures france,
walt disney studios india,
sony pictures ireland,
20th century studios thailand,
20th century studios ireland,
universal pictures portugal,
ign latinoamérica,
sphere films canada,
stxfilms uk & ireland,
warner bros. malaysia,
jordan evans,
studiocanal germany,
la voz por excelencia,
sony pictures entertainment india,
united international pictures malaysia,
sony pictures singapore,
warner bros. pictures argentina,
warner bros. pictures méxico,
warner bros. australia,
universal pictures méxico,
epic music paradise,
ai music,
epic music vn,
trailer music weekly,
real trailer music,
epic legacy trailer music,
epic heaven music,
all about music & movies,
animelody – anime music,
cinema & music saved our life rayirajeshrajvaswani,
epic music empire,
silo: music,
dynamic opera and classical music,
brent daniels music,
watertower music,
